{
	"lightInfos": [
		{
			"actorName": "LightSource",
			"transForm":
			{
				"rotation":
				{
					"x": -0.25,
					"y": 0.24999994039535522,
					"z": 0.93301254510879517,
					"w": 0.066987179219722748
				},
				"translation":
				{
					"x": 400,
					"y": 270,
					"z": 252
				},
				"scale3D":
				{
					"x": 2.5,
					"y": 2.5,
					"z": 2.5
				}
			},
			"rotation":
			{
				"pitch": -29.999984741210938,
				"yaw": -179.99998474121094,
				"roll": -29.999996185302734
			},
			"intensity": 2.75,
			"direction":
			{
				"x": -0.86602473258972168,
				"y": -2.1606683731079102e-07,
				"z": -0.49999985098838806
			},
			"linearColor":
			{
				"r": 1,
				"g": 0.94730651378631592,
				"b": 0.76815116405487061,
				"a": 0
			}
		}
	]
}